label,accuracy,precision,recall,f1,mcc,mae,exact_rate,specificity,balanced_accuracy,species
v1,0.3330152671755725,0.0642570281124498,1.0,0.12075471698113208,0.13907323776286862,4.625,0.9166666666666666,0.301,0.6505,Human (Mammal - Held-out Region)
v1,0.21847070506454816,0.008816120906801008,1.0,0.017478152309612985,0.043333979198183666,25.285714285714285,0.5714285714285714,0.213,0.6065,Mouse (Mammal - Held-out Region)
v1,0.5253807106598984,0.4350453172205438,1.0,0.6063157894736843,0.33110635744361216,15.364583333333334,0.7552083333333334,0.252,0.626,Arabidopsis (Plant - Held-out Region)
v1,0.5763016157989228,0.5052410901467506,1.0,0.6713091922005571,0.3576438685983765,14.141078838174273,0.8091286307053942,0.25316455696202533,0.6265822784810127,Yeast (Fungi - Unseen Clade)
v1,0.5384615384615384,0.4337827121332276,1.0,0.6050884955752213,0.35222415543245056,13.722120658135283,0.7989031078610603,0.286,0.643,Worm (Nematode - Unseen Clade)
v1,0.5945443273403596,0.48382004735595896,1.0,0.652127659574468,0.4091475728696943,15.831973898858076,0.7944535073409462,0.346,0.673,GUE C. elegans Histone (Nematode)
