label,accuracy,precision,recall,f1,mcc,mae,exact_rate,specificity,balanced_accuracy,species
v2,0.5648854961832062,0.0836734693877551,0.8541666666666666,0.1524163568773234,0.16976149362709994,23.0,0.8125,0.551,0.7025833333333333,Human (Mammal - Held-out Region)
v2,0.5332671300893744,0.010570824524312896,0.7142857142857143,0.020833333333333332,0.041000300767127,51.0,0.42857142857142855,0.532,0.6231428571428572,Mouse (Mammal - Held-out Region)
v2,0.6859137055837563,0.5413687436159347,0.9201388888888888,0.6816720257234726,0.46771541497316804,17.932291666666668,0.7552083333333334,0.551,0.7355694444444445,Arabidopsis (Plant - Held-out Region)
v2,0.6983842010771992,0.596816976127321,0.9336099585062241,0.7281553398058253,0.4794652031374892,16.307053941908713,0.8091286307053942,0.5189873417721519,0.7262986501391879,Yeast (Fungi - Unseen Clade)
v2,0.669683257918552,0.5184804928131417,0.923217550274223,0.6640368178829718,0.44967711338933386,16.990859232175502,0.7989031078610603,0.531,0.7271087751371115,Worm (Nematode - Unseen Clade)
v2,0.7048977061376317,0.5701125895598772,0.9086460032626428,0.70062893081761,0.48534297568689355,19.65905383360522,0.7944535073409462,0.58,0.7443230016313214,GUE C. elegans Histone (Nematode)
