,label,accuracy,precision,recall,f1,specificity,species
0,v1,0.5985,0.5546311702717692,1.0,0.7135212272565109,0.197,Human (Mammal - Held-out Region)
1,v1,0.5925,0.5509641873278237,1.0,0.7104795737122558,0.185,Mouse (Mammal - Held-out Region)
2,v1,0.5835,0.5455537370430987,1.0,0.7059654076950229,0.167,Arabidopsis (Plant - Held-out Region)
3,v1,0.5463071512309496,0.49510763209393344,1.0,0.662303664921466,0.18268215417106654,Yeast (Fungi - Unseen Clade)
4,v1,0.6385,0.5803830528148578,1.0,0.7344840249724568,0.277,Worm (Nematode - Unseen Clade)
5,v1,0.6325,0.5763688760806917,1.0,0.7312614259597806,0.265,GUE C. elegans Histone (Nematode)
